jl_target_dim,representation_type,representation_label,is_no_jl,utility_scale,sampled_chunks,num_queries,ef_search,jl_recall_at_5,jl_mrr_at_5,final_exact_recall_at_5,final_hnsw_recall_at_5,final_hnsw_mrr_at_5,dp_recall_at_5,dp_mrr_at_5,dp_loss_at_5,mean_noise_signal_ratio,mean_direction_cosine,hnsw_recall_at_5,hnsw_mrr_at_5,mean_hnsw_query_time,hnsw_index_build_time,vector_dim,estimated_storage_mb,mean_exact_query_time,mean_jl_exact_query_time
128,JL,128d JL,False,0.001,100,30,64,0.4066666666666667,0.6083333333333333,0.41333333333333333,0.41333333333333333,0.5916666666666667,0.9866666666666667,0.9333333333333333,0.013333333333333308,0.0003532746257588395,0.9999998211860657,1.0,1.0,1.0234427948792775e-05,0.0014650523662567139,128,0.048828125,2.7703121304512023e-06,4.578692217667897e-06
128,JL,128d JL,False,0.005,100,30,64,0.4066666666666667,0.6083333333333333,0.41333333333333333,0.41333333333333333,0.5916666666666667,0.9866666666666667,0.9333333333333333,0.013333333333333308,0.0017663731407995275,0.9999959468841553,1.0,1.0,1.0106464227040609e-05,0.0008013509213924408,128,0.048828125,2.7166369060675303e-06,4.578692217667897e-06
128,JL,128d JL,False,0.01,100,30,64,0.4066666666666667,0.6083333333333333,0.41333333333333333,0.41333333333333333,0.586111111111111,0.9866666666666667,0.9333333333333333,0.013333333333333308,0.003532746281599055,0.9999831318855286,1.0,1.0,1.011493926246961e-05,0.000758076086640358,128,0.048828125,2.6425657172997793e-06,4.578692217667897e-06
128,JL,128d JL,False,0.05,100,30,64,0.4066666666666667,0.6083333333333333,0.4066666666666667,0.4066666666666667,0.586111111111111,0.9533333333333334,0.9333333333333333,0.046666666666666634,0.0176637312904158,0.9995810985565186,1.0,1.0,1.0806042701005935e-05,0.0008665621280670166,128,0.048828125,2.9788662989934285e-06,4.578692217667897e-06
128,JL,128d JL,False,0.1,100,30,64,0.4066666666666667,0.6083333333333333,0.41333333333333333,0.41333333333333333,0.5916666666666666,0.9000000000000001,0.9333333333333333,0.09999999999999987,0.0353274625808316,0.99834144115448,1.0,1.0,1.0378472506999969e-05,0.0008797682821750641,128,0.048828125,2.8979964554309843e-06,4.578692217667897e-06
256,JL,256d JL,False,0.001,100,30,64,0.5733333333333335,0.7161111111111111,0.5733333333333335,0.5733333333333335,0.6827777777777778,0.9933333333333334,0.95,0.006666666666666599,0.0003516705666039607,0.9999998211860657,1.0,1.0,1.099879542986552e-05,0.0009190235286951065,256,0.09765625,3.0239733556906383e-06,5.015389372905096e-06
256,JL,256d JL,False,0.005,100,30,64,0.5733333333333335,0.7161111111111111,0.5866666666666667,0.5866666666666667,0.6827777777777778,0.9800000000000001,0.95,0.019999999999999907,0.00175835282516177,0.9999959468841553,1.0,1.0,1.1321001996596655e-05,0.0008664531633257866,256,0.09765625,3.3068470656871794e-06,5.015389372905096e-06
256,JL,256d JL,False,0.01,100,30,64,0.5733333333333335,0.7161111111111111,0.5866666666666667,0.5866666666666667,0.68,0.9800000000000001,0.95,0.019999999999999907,0.00351670565032354,0.9999836087226868,1.0,1.0,1.1194124817848206e-05,0.0008794320747256279,256,0.09765625,3.0670315027236937e-06,5.015389372905096e-06
256,JL,256d JL,False,0.05,100,30,64,0.5733333333333335,0.7161111111111111,0.6000000000000001,0.6000000000000001,0.6811111111111112,0.9533333333333334,0.9333333333333333,0.046666666666666634,0.01758352820388741,0.9995893836021423,1.0,1.0,1.1247148116429646e-05,0.0008783023804426193,256,0.09765625,3.240754206975301e-06,5.015389372905096e-06
256,JL,256d JL,False,0.1,100,30,64,0.5733333333333335,0.7161111111111111,0.5866666666666666,0.5866666666666666,0.6066666666666667,0.9066666666666667,0.8444444444444444,0.09333333333333327,0.03516705640777482,0.9983727931976318,1.0,1.0,1.1117725322643917e-05,0.0008824607357382774,256,0.09765625,3.1004038949807485e-06,5.015389372905096e-06
384,JL,384d JL,False,0.001,100,30,64,0.6733333333333333,0.7094444444444444,0.6733333333333333,0.6733333333333333,0.676111111111111,0.9866666666666667,0.95,0.013333333333333308,0.0003553027354677235,0.9999998211860657,1.0,1.0,1.322148988644282e-05,0.0011723442003130913,384,0.146484375,3.838477035363516e-06,5.491698781649272e-06
384,JL,384d JL,False,0.005,100,30,64,0.6733333333333333,0.7094444444444444,0.6733333333333333,0.6733333333333333,0.676111111111111,0.9866666666666667,0.95,0.013333333333333308,0.00177651364248678,0.9999958872795105,1.0,1.0,1.2901891022920608e-05,0.0011109523475170135,384,0.146484375,3.6097442110379538e-06,5.491698781649272e-06
384,JL,384d JL,False,0.01,100,30,64,0.6733333333333333,0.7094444444444444,0.6733333333333333,0.6733333333333333,0.676111111111111,0.9866666666666667,0.95,0.013333333333333308,0.00355302728497356,0.999983012676239,1.0,1.0,1.2443338831265767e-05,0.0010481290519237518,384,0.146484375,3.463433434565862e-06,5.491698781649272e-06
384,JL,384d JL,False,0.05,100,30,64,0.6733333333333333,0.7094444444444444,0.6666666666666666,0.6666666666666666,0.6694444444444444,0.9533333333333334,0.95,0.046666666666666634,0.01776513640856965,0.999574601650238,1.0,1.0,1.2532652666171392e-05,0.0010397499427199364,384,0.146484375,3.42900554339091e-06,5.491698781649272e-06
384,JL,384d JL,False,0.1,100,30,64,0.6733333333333333,0.7094444444444444,0.6533333333333332,0.6533333333333332,0.6649999999999999,0.9400000000000001,0.9333333333333333,0.05999999999999994,0.0355302728171393,0.9983108043670654,1.0,1.0,1.2574189652999241e-05,0.0010475125163793564,384,0.146484375,3.467965871095657e-06,5.491698781649272e-06
512,JL,512d JL,False,0.001,100,30,64,0.66,0.7194444444444444,0.66,0.66,0.6861111111111111,0.9866666666666667,0.95,0.013333333333333308,0.0003517939929114552,0.9999998211860657,1.0,1.0,1.3591255992650986e-05,0.0012516109272837639,512,0.1953125,3.819726407527923e-06,6.266093502442042e-06
512,JL,512d JL,False,0.005,100,30,64,0.66,0.7194444444444444,0.66,0.66,0.6861111111111111,0.9866666666666667,0.95,0.013333333333333308,0.0017589699820923339,0.9999959468841553,1.0,1.0,1.3601810981829962e-05,0.0012052860110998154,512,0.1953125,3.7251350780328116e-06,6.266093502442042e-06
512,JL,512d JL,False,0.01,100,30,64,0.66,0.7194444444444444,0.66,0.66,0.6861111111111111,0.98,0.95,0.020000000000000018,0.0035179399641846677,0.9999833703041077,1.0,1.0,1.3616494834423066e-05,0.001165209338068962,512,0.1953125,4.053364197413126e-06,6.266093502442042e-06
512,JL,512d JL,False,0.05,100,30,64,0.66,0.7194444444444444,0.6600000000000001,0.6600000000000001,0.6861111111111111,0.9533333333333334,0.95,0.046666666666666634,0.0175896997522383,0.9995856285095215,1.0,1.0,1.3506567726532619e-05,0.001177496276795864,512,0.1953125,3.650318831205368e-06,6.266093502442042e-06
512,JL,512d JL,False,0.1,100,30,64,0.66,0.7194444444444444,0.6666666666666666,0.6666666666666666,0.6455555555555554,0.92,0.9111111111111111,0.07999999999999996,0.0351793995044766,0.9983599185943604,1.0,1.0,1.3772149880727132e-05,0.0011988133192062378,512,0.1953125,4.8156206806500755e-06,6.266093502442042e-06
768,JL,768d JL,False,0.001,100,30,64,0.7133333333333335,0.8049999999999999,0.7133333333333335,0.7133333333333335,0.7866666666666667,1.0,0.9833333333333333,0.0,0.0003535382774091859,0.9999998211860657,1.0,1.0,1.646683861811956e-05,0.001558428630232811,768,0.29296875,5.375283459822337e-06,6.756434837977092e-06
768,JL,768d JL,False,0.005,100,30,64,0.7133333333333335,0.8049999999999999,0.7133333333333335,0.7133333333333335,0.7866666666666667,1.0,0.9833333333333333,0.0,0.0017676913845721032,0.9999958872795105,1.0,1.0,1.5994192411502204e-05,0.0015220073983073235,768,0.29296875,4.355578372875849e-06,6.756434837977092e-06
768,JL,768d JL,False,0.01,100,30,64,0.7133333333333335,0.8049999999999999,0.7200000000000002,0.7200000000000002,0.7866666666666667,0.9933333333333334,0.9833333333333333,0.006666666666666599,0.0035353827691442063,0.9999831318855286,1.0,1.0,1.5960882107416787e-05,0.0014441916719079018,768,0.29296875,4.816427826881409e-06,6.756434837977092e-06
768,JL,768d JL,False,0.05,100,30,64,0.7133333333333335,0.8049999999999999,0.7133333333333334,0.7133333333333334,0.8049999999999999,0.9733333333333333,0.9666666666666667,0.026666666666666727,0.0176769137968266,0.9995803236961365,1.0,1.0,1.6343997170527776e-05,0.0015401067212224007,768,0.29296875,4.553639640410741e-06,6.756434837977092e-06
768,JL,768d JL,False,0.1,100,30,64,0.7133333333333335,0.8049999999999999,0.7266666666666668,0.7266666666666668,0.7494444444444445,0.9600000000000001,0.9166666666666666,0.039999999999999925,0.0353538275936532,0.9983358979225159,1.0,1.0,1.6093781838814417e-05,0.001494361087679863,768,0.29296875,4.957212756077448e-06,6.756434837977092e-06
1024,No-JL,No-JL-1024d,True,0.001,100,30,64,1.0,1.0,0.9800000000000001,0.9800000000000001,0.9833333333333333,0.9800000000000001,0.9833333333333333,0.019999999999999907,0.0003536322080219123,0.9999998211860657,1.0,1.0,1.8132757395505907e-05,0.0018038824200630188,1024,0.390625,5.072293182214101e-06,nan
1024,No-JL,No-JL-1024d,True,0.005,100,30,64,1.0,1.0,0.9800000000000001,0.9800000000000001,0.9833333333333333,0.9800000000000001,0.9833333333333333,0.019999999999999907,0.001768161043674781,0.9999959468841553,1.0,1.0,1.8171314150094985e-05,0.0017858315259218216,1024,0.390625,5.5335772534211476e-06,nan
1024,No-JL,No-JL-1024d,True,0.01,100,30,64,1.0,1.0,0.9800000000000001,0.9800000000000001,0.9833333333333333,0.9800000000000001,0.9833333333333333,0.019999999999999907,0.003536322087349562,0.9999831914901733,1.0,1.0,1.8136886258920033e-05,0.0017372341826558113,1024,0.390625,5.0192698836326596e-06,nan
1024,No-JL,No-JL-1024d,True,0.05,100,30,64,1.0,1.0,0.9533333333333334,0.9533333333333334,0.9833333333333333,0.9533333333333334,0.9833333333333333,0.046666666666666634,0.017681610499612085,0.9995812177658081,1.0,1.0,1.8070141474405926e-05,0.0017373515293002129,1024,0.390625,5.425357570250829e-06,nan
1024,No-JL,No-JL-1024d,True,0.1,100,30,64,1.0,1.0,0.9466666666666667,0.9466666666666667,0.95,0.9466666666666667,0.95,0.053333333333333344,0.03536322099922417,0.9983439445495605,1.0,1.0,1.7907191067934037e-05,0.00175517238676548,1024,0.390625,5.116531004508336e-06,nan
